[
    {
        "file_name": "Tesla_Cybertruck_0.jpg",
        "caption": "Tesla Cybertruck NEW Update On Dec! Elon Musk Reveals That Makes A Big ...",
        "source_url": "https://elonbuzz.com/tesla-cybertruck-new-update-on-dec-elon-musk-reveals-that-makes-a-big-difference/"
    },
    {
        "file_name": "Tesla_Cybertruck_1.jpg",
        "caption": "Tesla's Cybertruck Wins An IIHS Top Safety Pick For 2025",
        "source_url": "https://dallasexpress.com/business-markets/teslas-cybertruck-wins-an-iihs-top-safety-pick-for-2025/"
    },
    {
        "file_name": "Tesla_Cybertruck_2.jpeg",
        "caption": "2025 Tesla Cybertruck December Lease Deals are Here and Worth a Look ...",
        "source_url": "https://www.autoblog.com/carbuying/2025-tesla-cybertruck-december-lease-deals"
    },
    {
        "file_name": "Tesla_Cybertruck_3.webp",
        "caption": "Pentagon Big Tech Tesla Cybertruck: Inside the $445B Defense Technology ...",
        "source_url": "https://axis-intelligence.com/pentagon-big-tech-tesla-cybertruck/"
    },
    {
        "file_name": "Tesla_Cybertruck_4.jpg",
        "caption": "Tesla Cybertruck 2026 First Look - Early Reservation Benefits and ...",
        "source_url": "https://gfgcoe.in/tesla-cybertruck-2026-first-look/"
    }
]